entity,code,year,full_flowering_date,average_last_30_years
Japan,JPN,812,92,
Japan,JPN,815,105,
Japan,JPN,831,96,
Japan,JPN,851,108,
Japan,JPN,853,104,
Japan,JPN,864,100,
Japan,JPN,866,106,
Japan,JPN,869,95,
Japan,JPN,889,104,
Japan,JPN,891,109,
Japan,JPN,892,108,
Japan,JPN,894,106,
Japan,JPN,895,104,
Japan,JPN,896,104,
Japan,JPN,902,102,
Japan,JPN,908,98,
Japan,JPN,912,95,
Japan,JPN,913,110,104
Japan,JPN,914,,104
Japan,JPN,915,,104
Japan,JPN,916,,104
Japan,JPN,917,95,103.181816
Japan,JPN,918,,103.181816
Japan,JPN,919,,103.1
Japan,JPN,920,,103.1
Japan,JPN,923,104,
Japan,JPN,926,98,
Japan,JPN,930,97,
Japan,JPN,933,106,
Japan,JPN,941,109,
Japan,JPN,949,107,
Japan,JPN,950,95,
Japan,JPN,955,89,
Japan,JPN,957,112,
Japan,JPN,958,109,
Japan,JPN,959,97,
Japan,JPN,960,101,
Japan,JPN,961,87,101.2
Japan,JPN,962,,101.2
Japan,JPN,963,94,100
Japan,JPN,964,,100
Japan,JPN,965,104,100.36364
Japan,JPN,966,98,100.166664
Japan,JPN,967,103,100.38461
Japan,JPN,968,,100.38461
Japan,JPN,969,98,100.21429
Japan,JPN,970,,100.21429
Japan,JPN,971,,99.53846
Japan,JPN,972,107,100.07143
Japan,JPN,973,,100.07143
Japan,JPN,974,108,100.6
Japan,JPN,975,101,100.625
Japan,JPN,976,,100.625
Japan,JPN,977,112,101.29412
Japan,JPN,978,,101.29412
Japan,JPN,979,104,101.117645
Japan,JPN,980,,101.5
Japan,JPN,981,,101.5
Japan,JPN,982,,101.5
Japan,JPN,983,,101.5
Japan,JPN,984,,101.5
Japan,JPN,985,94,101.8125
Japan,JPN,986,,101.8125
Japan,JPN,987,,101.13333
Japan,JPN,988,,100.57143
Japan,JPN,989,100,100.78571
Japan,JPN,990,,100.76923
Japan,JPN,991,104,102.07692
Japan,JPN,992,,102.07692
Japan,JPN,993,,102.75
Japan,JPN,994,,102.75
Japan,JPN,995,,102.63636
Japan,JPN,996,,103.1
Japan,JPN,1000,105,
Japan,JPN,1004,117,
Japan,JPN,1006,100,
Japan,JPN,1007,106,
Japan,JPN,1014,115,
Japan,JPN,1016,111,
Japan,JPN,1017,99,
Japan,JPN,1018,113,107
Japan,JPN,1019,98,106.8
Japan,JPN,1020,,106.8
Japan,JPN,1029,116,108
Japan,JPN,1031,97,107.2
Japan,JPN,1032,111,107.545456
Japan,JPN,1033,102,107.083336
Japan,JPN,1034,96,105.333336
Japan,JPN,1035,,105.333336
Japan,JPN,1036,104,105.666664
Japan,JPN,1037,,105.63636
Japan,JPN,1038,,105.63636
Japan,JPN,1039,,105.63636
Japan,JPN,1040,,105.63636
Japan,JPN,1041,103,105.416664
Japan,JPN,1042,,105.416664
Japan,JPN,1043,,105.416664
Japan,JPN,1044,,104.545456
Japan,JPN,1045,,104.545456
Japan,JPN,1046,103,103.818184
Japan,JPN,1047,,104.3
Japan,JPN,1048,112,104.2
Japan,JPN,1050,105,104.9
Japan,JPN,1051,,104.9
Japan,JPN,1052,,104.9
Japan,JPN,1053,,104.9
Japan,JPN,1054,,104.9
Japan,JPN,1055,,104.9
Japan,JPN,1056,,104.9
Japan,JPN,1057,,104.9
Japan,JPN,1058,,104.9
Japan,JPN,1060,108,104.1
Japan,JPN,1061,92,103.6
Japan,JPN,1066,105,
Japan,JPN,1071,113,
Japan,JPN,1073,103,
Japan,JPN,1080,102,
Japan,JPN,1083,96,
Japan,JPN,1084,120,
Japan,JPN,1088,104,
Japan,JPN,1090,105,
Japan,JPN,1093,105,
Japan,JPN,1095,100,105.3
Japan,JPN,1096,96,104.4
Japan,JPN,1097,,104.4
Japan,JPN,1098,100,104
Japan,JPN,1099,103,103.916664
Japan,JPN,1100,,103.916664
Japan,JPN,1101,,103.09091
Japan,JPN,1102,104,103.166664
Japan,JPN,1103,,103.181816
Japan,JPN,1104,108,103.583336
Japan,JPN,1105,114,104.38461
Japan,JPN,1106,,104.38461
Japan,JPN,1107,105,104.42857
Japan,JPN,1108,,104.42857
Japan,JPN,1109,,104.42857
Japan,JPN,1110,,104.61539
Japan,JPN,1111,113,105.21429
Japan,JPN,1112,104,105.13333
Japan,JPN,1113,,105.78571
Japan,JPN,1114,100,104.35714
Japan,JPN,1115,,104.35714
Japan,JPN,1116,,104.35714
Japan,JPN,1117,109,104.666664
Japan,JPN,1118,102,104.53333
Japan,JPN,1119,,104.53333
Japan,JPN,1120,104,104.46667
Japan,JPN,1121,,104.46667
Japan,JPN,1122,,104.46667
Japan,JPN,1123,112,104.933334
Japan,JPN,1124,98,104.5
Japan,JPN,1125,111,105.1875
Japan,JPN,1126,108,105.9375
Japan,JPN,1127,107,106
Japan,JPN,1128,111,106.64706
Japan,JPN,1129,106,106.82353
Japan,JPN,1130,103,106.611115
Japan,JPN,1131,103,106.42105
Japan,JPN,1132,,106.55556
Japan,JPN,1133,,106.55556
Japan,JPN,1134,106,106.44444
Japan,JPN,1135,,106
Japan,JPN,1136,,106
Japan,JPN,1137,,106.0625
Japan,JPN,1138,,106.0625
Japan,JPN,1139,113,106.47059
Japan,JPN,1140,103,106.27778
Japan,JPN,1141,111,106.166664
Japan,JPN,1142,,106.29412
Japan,JPN,1143,110,106.5
Japan,JPN,1144,,106.882355
Japan,JPN,1145,107,106.888885
Japan,JPN,1146,,106.888885
Japan,JPN,1147,,106.76471
Japan,JPN,1148,,107.0625
Japan,JPN,1149,,107.0625
Japan,JPN,1150,,107.26667
Japan,JPN,1151,109,107.375
Japan,JPN,1152,,107.375
Japan,JPN,1153,,107.066666
Japan,JPN,1154,96,106.933334
Japan,JPN,1155,,106.64286
Japan,JPN,1156,90,105.35714
Japan,JPN,1157,,105.23077
Japan,JPN,1158,,104.75
Japan,JPN,1159,103,104.5
Japan,JPN,1160,,104.63636
Japan,JPN,1161,112,105.454544
Japan,JPN,1162,,105.454544
Japan,JPN,1163,112,106
Japan,JPN,1164,100,105.5
Japan,JPN,1165,106,105.53846
Japan,JPN,1166,95,104.78571
Japan,JPN,1167,111,105.2
Japan,JPN,1168,,105.2
Japan,JPN,1169,112,105.13333
Japan,JPN,1170,113,105.8
Japan,JPN,1171,,105.42857
Japan,JPN,1172,103,105.26667
Japan,JPN,1173,117,105.73333
Japan,JPN,1174,112,106.125
Japan,JPN,1175,113,106.5
Japan,JPN,1176,113,106.882355
Japan,JPN,1177,,106.882355
Japan,JPN,1178,,106.882355
Japan,JPN,1179,103,106.666664
Japan,JPN,1180,98,106.210526
Japan,JPN,1181,,106.05556
Japan,JPN,1182,104,105.947365
Japan,JPN,1183,101,105.7
Japan,JPN,1184,115,106.65
Japan,JPN,1185,115,107.04762
Japan,JPN,1186,,107.9
Japan,JPN,1187,104,107.71429
Japan,JPN,1188,107,107.681816
Japan,JPN,1189,,107.90476
Japan,JPN,1190,112,108.09091
Japan,JPN,1191,106,107.818184
Japan,JPN,1192,,107.818184
Japan,JPN,1193,,107.61905
Japan,JPN,1194,119,108.52381
Japan,JPN,1195,,108.65
Japan,JPN,1196,,109.36842
Japan,JPN,1197,,109.27778
Japan,JPN,1198,,109.27778
Japan,JPN,1199,109,109.111115
Japan,JPN,1200,104,108.611115
Japan,JPN,1201,96,107.947365
Japan,JPN,1202,106,108.10526
Japan,JPN,1203,105,107.47369
Japan,JPN,1204,110,107.36842
Japan,JPN,1205,105,106.947365
Japan,JPN,1206,,106.611115
Japan,JPN,1207,104,106.47369
Japan,JPN,1208,,106.47369
Japan,JPN,1209,,106.666664
Japan,JPN,1210,112,107.44444
Japan,JPN,1211,,107.44444
Japan,JPN,1212,98,107.111115
Japan,JPN,1213,107,107.44444
Japan,JPN,1214,102,106.72222
Japan,JPN,1215,108,106.333336
Japan,JPN,1216,101,106.052635
Japan,JPN,1217,,106.166664
Japan,JPN,1218,,106.117645
Japan,JPN,1219,101,105.833336
Japan,JPN,1220,109,105.666664
Japan,JPN,1221,99,105.27778
Japan,JPN,1222,,105.27778
Japan,JPN,1223,116,105.8421
Japan,JPN,1224,,105.111115
Japan,JPN,1225,105,105.10526
Japan,JPN,1226,106,105.15
Japan,JPN,1227,111,105.42857
Japan,JPN,1228,,105.42857
Japan,JPN,1229,97,104.85714
Japan,JPN,1230,102,104.7619
Japan,JPN,1231,101,105
Japan,JPN,1232,92,104.333336
Japan,JPN,1233,105,104.333336
Japan,JPN,1234,,104.05
Japan,JPN,1235,110,104.3
Japan,JPN,1236,87,103.47619
Japan,JPN,1237,,103.45
Japan,JPN,1238,,103.45
Japan,JPN,1239,,103.45
Japan,JPN,1240,106,103.15
Japan,JPN,1241,,103.15
Japan,JPN,1242,,103.42105
Japan,JPN,1243,,103.22222
Japan,JPN,1244,108,103.55556
Japan,JPN,1245,108,103.55556
Japan,JPN,1246,98,103.388885
Japan,JPN,1247,106,103.52631
Japan,JPN,1248,,103.52631
Japan,JPN,1249,108,103.89474
Japan,JPN,1250,116,104.26316
Japan,JPN,1251,100,104.31579
Japan,JPN,1252,,104.31579
Japan,JPN,1253,,103.666664
Japan,JPN,1254,110,104
Japan,JPN,1255,,103.94444
Japan,JPN,1256,,103.82353
Japan,JPN,1257,94,102.82353
Japan,JPN,1258,,102.82353
Japan,JPN,1259,96,102.76471
Japan,JPN,1260,,102.8125
Japan,JPN,1261,,102.933334
Japan,JPN,1262,97,103.26667
Japan,JPN,1263,120,104.26667
Japan,JPN,1264,103,104.1875
Japan,JPN,1265,98,103.4375
Japan,JPN,1266,,104.53333
Japan,JPN,1267,105,104.5625
Japan,JPN,1268,103,104.47059
Japan,JPN,1269,100,104.22222
Japan,JPN,1270,,104.117645
Japan,JPN,1271,100,103.888885
Japan,JPN,1272,,103.888885
Japan,JPN,1273,,103.888885
Japan,JPN,1274,,103.64706
Japan,JPN,1275,107,103.588234
Japan,JPN,1276,,103.9375
Japan,JPN,1277,,103.8
Japan,JPN,1278,113,104.375
Japan,JPN,1279,101,103.9375
Japan,JPN,1280,102,103.0625
Japan,JPN,1281,,103.26667
Japan,JPN,1282,,103.26667
Japan,JPN,1283,103,103.25
Japan,JPN,1284,102,102.75
Japan,JPN,1285,105,102.882355
Japan,JPN,1286,112,103.388885
Japan,JPN,1287,110,104.27778
Japan,JPN,1288,108,104.47369
Japan,JPN,1289,107,105.052635
Japan,JPN,1290,,105.052635
Japan,JPN,1291,,105.052635
Japan,JPN,1292,107,105.57895
Japan,JPN,1293,,104.77778
Japan,JPN,1294,101,104.666664
Japan,JPN,1295,102,104.888885
Japan,JPN,1296,,104.888885
Japan,JPN,1297,,104.882355
Japan,JPN,1298,,105
Japan,JPN,1299,,105.333336
Japan,JPN,1300,,105.333336
Japan,JPN,1301,95,105
Japan,JPN,1302,96,104.4375
Japan,JPN,1303,,104.4375
Japan,JPN,1304,,104.4375
Japan,JPN,1305,,104.26667
Japan,JPN,1306,,104.26667
Japan,JPN,1307,104,104.25
Japan,JPN,1308,,103.666664
Japan,JPN,1309,,103.85714
Japan,JPN,1310,,104
Japan,JPN,1311,94,103.28571
Japan,JPN,1312,100,103.066666
Japan,JPN,1313,,103.07143
Japan,JPN,1314,101,103
Japan,JPN,1315,111,103.42857
Japan,JPN,1316,103,102.78571
Japan,JPN,1317,102,102.21429
Japan,JPN,1318,,101.76923
Japan,JPN,1319,116,102.46154
Japan,JPN,1320,,102.46154
Japan,JPN,1321,102,102.42857
Japan,JPN,1322,106,102.35714
Japan,JPN,1323,124,103.8
Japan,JPN,1324,98,103.6
Japan,JPN,1325,,103.71429
Japan,JPN,1326,107,103.933334
Japan,JPN,1327,,103.933334
Japan,JPN,1328,,103.933334
Japan,JPN,1329,112,104.4375
Japan,JPN,1330,108,104.64706
Japan,JPN,1331,112,105.64706
Japan,JPN,1332,115,106.76471
Japan,JPN,1333,,106.76471
Japan,JPN,1334,,106.76471
Japan,JPN,1335,,106.76471
Japan,JPN,1336,,106.76471
Japan,JPN,1337,,106.9375
Japan,JPN,1338,,106.9375
Japan,JPN,1339,,106.9375
Japan,JPN,1340,,106.9375
Japan,JPN,1341,,107.8
Japan,JPN,1342,110,108.46667
Japan,JPN,1343,,108.46667
Japan,JPN,1344,102,108.53333
Japan,JPN,1345,,108.35714
Japan,JPN,1346,107,108.64286
Japan,JPN,1347,109,109.14286
Japan,JPN,1348,,109.14286
Japan,JPN,1349,112,108.85714
Japan,JPN,1350,101,108.333336
Japan,JPN,1351,115,109.2
Japan,JPN,1352,,109.42857
Japan,JPN,1353,,108.30769
Japan,JPN,1354,,109.166664
Japan,JPN,1355,,109.166664
Japan,JPN,1356,117,110
Japan,JPN,1357,107,109.76923
Japan,JPN,1358,110,109.78571
Japan,JPN,1359,105,109.28571
Japan,JPN,1360,101,108.78571
Japan,JPN,1361,108,108.5
Japan,JPN,1362,,108
Japan,JPN,1363,107,107.92857
Japan,JPN,1364,110,108.066666
Japan,JPN,1365,,108.066666
Japan,JPN,1366,112,108.3125
Japan,JPN,1367,97,107.64706
Japan,JPN,1368,88,106.55556
Japan,JPN,1369,94,105.89474
Japan,JPN,1370,109,106.05
Japan,JPN,1371,,106.05
Japan,JPN,1372,102,105.65
Japan,JPN,1373,110,105.85714
Japan,JPN,1374,,106.05
Japan,JPN,1375,103,105.90476
Japan,JPN,1376,99,105.52381
Japan,JPN,1377,105,105.333336
Japan,JPN,1378,104,105.27273
Japan,JPN,1379,103,104.86364
Japan,JPN,1380,102,104.90909
Japan,JPN,1381,108,104.59091
Japan,JPN,1382,105,104.608696
Japan,JPN,1383,102,104.5
Japan,JPN,1384,98,104.24
Japan,JPN,1385,99,104.03846
Japan,JPN,1386,105,103.57692
Japan,JPN,1387,100,103.30769
Japan,JPN,1388,99,102.88461
Japan,JPN,1389,,102.8
Japan,JPN,1390,,102.875
Japan,JPN,1391,,102.652176
Japan,JPN,1392,,102.652176
Japan,JPN,1393,,102.454544
Japan,JPN,1394,,102.09524
Japan,JPN,1395,,102.09524
Japan,JPN,1396,,101.6
Japan,JPN,1397,,101.8421
Japan,JPN,1398,106,102.789474
Japan,JPN,1399,,103.27778
Japan,JPN,1400,,102.94118
Japan,JPN,1401,101,102.833336
Japan,JPN,1402,103,102.888885
Japan,JPN,1403,104,102.55556
Japan,JPN,1404,,102.55556
Japan,JPN,1405,,102.52941
Japan,JPN,1406,102,102.70588
Japan,JPN,1407,101,102.47059
Japan,JPN,1408,111,102.882355
Japan,JPN,1409,86,101.882355
Japan,JPN,1410,102,101.882355
Japan,JPN,1411,,101.5
Japan,JPN,1412,93,100.75
Japan,JPN,1413,91,100.0625
Japan,JPN,1414,,100.2
Japan,JPN,1415,105,100.6
Japan,JPN,1416,101,100.333336
Japan,JPN,1417,109,100.933334
Japan,JPN,1418,98,100.86667
Japan,JPN,1419,100,100.8125
Japan,JPN,1420,112,101.47059
Japan,JPN,1421,99,101.333336
Japan,JPN,1422,109,101.73684
Japan,JPN,1423,96,101.45
Japan,JPN,1424,103,101.52381
Japan,JPN,1425,98,101.36364
Japan,JPN,1426,99,101.26087
Japan,JPN,1427,102,101.291664
Japan,JPN,1428,,101.08696
Japan,JPN,1429,98,100.958336
Japan,JPN,1430,108,101.24
Japan,JPN,1431,102,101.28
Japan,JPN,1432,104,101.32
Japan,JPN,1433,98,101.08
Japan,JPN,1434,113,101.53846
Japan,JPN,1435,95,101.296295
Japan,JPN,1436,101,101.25926
Japan,JPN,1437,103,101.333336
Japan,JPN,1438,99,100.888885
Japan,JPN,1439,101,101.44444
Japan,JPN,1440,98,101.296295
Japan,JPN,1441,105,101.42857
Japan,JPN,1442,,101.74074
Japan,JPN,1443,107,102.333336
Japan,JPN,1444,109,102.57143
Japan,JPN,1445,,102.48148
Japan,JPN,1446,108,102.74074
Japan,JPN,1447,111,102.81481
Japan,JPN,1448,96,102.74074
Japan,JPN,1449,95,102.55556
Japan,JPN,1450,100,102.111115
Japan,JPN,1451,103,102.25926
Japan,JPN,1452,92,101.62963
Japan,JPN,1453,107,102.03704
Japan,JPN,1454,105,102.111115
Japan,JPN,1455,96,102.03704
Japan,JPN,1456,106,102.296295
Japan,JPN,1457,105,102.40741
Japan,JPN,1458,112,102.75
Japan,JPN,1459,113,103.28571
Japan,JPN,1460,111,103.39286
Japan,JPN,1461,106,103.53571
Japan,JPN,1462,106,103.60714
Japan,JPN,1463,101,103.71429
Japan,JPN,1464,104,103.39286
Japan,JPN,1465,98,103.5
Japan,JPN,1466,105,103.64286
Japan,JPN,1467,101,103.57143
Japan,JPN,1468,101,103.64286
Japan,JPN,1469,,103.74074
Japan,JPN,1470,,103.96154
Japan,JPN,1471,,103.92
Japan,JPN,1472,114,104.30769
Japan,JPN,1473,,104.2
Japan,JPN,1474,98,103.76
Japan,JPN,1475,,103.76
Japan,JPN,1476,100,103.44
Japan,JPN,1477,110,103.4
Japan,JPN,1478,115,104.16
Japan,JPN,1479,110,104.76
Japan,JPN,1480,104,104.92
Japan,JPN,1481,106,105.04
Japan,JPN,1482,108,105.68
Japan,JPN,1483,101,105.44
Japan,JPN,1484,97,105.12
Japan,JPN,1485,94,105.04
Japan,JPN,1486,99,104.76
Japan,JPN,1487,93,104.28
Japan,JPN,1488,103,103.92
Japan,JPN,1489,100,103.4
Japan,JPN,1490,97,102.84
Japan,JPN,1491,107,102.88
Japan,JPN,1492,108,102.96
Japan,JPN,1493,100,102.92
Japan,JPN,1494,106,103
Japan,JPN,1495,94,102.84
Japan,JPN,1496,97,102.52
Japan,JPN,1497,108,102.8
Japan,JPN,1498,97,102.64
Japan,JPN,1499,111,102.96154
Japan,JPN,1500,97,102.74074
Japan,JPN,1501,103,102.75
Japan,JPN,1502,115,102.78571
Japan,JPN,1503,108,102.965515
Japan,JPN,1504,114,103.51724
Japan,JPN,1505,106,103.6
Japan,JPN,1506,106,103.8
Japan,JPN,1507,108,103.73333
Japan,JPN,1508,111,103.6
Japan,JPN,1509,102,103.333336
Japan,JPN,1510,110,103.53333
Japan,JPN,1511,111,103.7
Japan,JPN,1512,109,103.73333
Japan,JPN,1513,110,104.03333
Japan,JPN,1514,105,104.3
Japan,JPN,1515,111,104.86667
Japan,JPN,1516,104,105.03333
Japan,JPN,1517,106,105.46667
Japan,JPN,1518,115,105.86667
Japan,JPN,1519,111,106.23333
Japan,JPN,1520,105,106.5
Japan,JPN,1521,107,106.5
Japan,JPN,1522,103,106.333336
Japan,JPN,1523,109,106.63333
Japan,JPN,1524,109,106.73333
Japan,JPN,1525,104,107.066666
Japan,JPN,1526,113,107.6
Japan,JPN,1527,105,107.5
Japan,JPN,1528,106,107.8
Japan,JPN,1529,107,107.666664
Japan,JPN,1530,107,108
Japan,JPN,1531,103,108
Japan,JPN,1532,108,107.76667
Japan,JPN,1533,111,107.86667
Japan,JPN,1534,108,107.666664
Japan,JPN,1535,95,107.3
Japan,JPN,1536,108,107.36667
Japan,JPN,1537,108,107.36667
Japan,JPN,1538,112,107.4
Japan,JPN,1539,120,108
Japan,JPN,1540,122,108.4
Japan,JPN,1541,109,108.333336
Japan,JPN,1542,102,108.1
Japan,JPN,1543,119,108.4
Japan,JPN,1544,107,108.46667
Japan,JPN,1545,97,108
Japan,JPN,1546,112,108.26667
Japan,JPN,1547,104,108.2
Japan,JPN,1548,118,108.3
Japan,JPN,1549,117,108.5
Japan,JPN,1550,111,108.7
Japan,JPN,1551,109,108.76667
Japan,JPN,1552,104,108.8
Japan,JPN,1553,119,109.13333
Japan,JPN,1554,,109.13793
Japan,JPN,1555,101,109.034485
Japan,JPN,1556,120,109.27586
Japan,JPN,1557,93,108.86207
Japan,JPN,1558,111,109.034485
Japan,JPN,1559,96,108.655174
Japan,JPN,1560,100,108.413795
Japan,JPN,1561,102,108.37931
Japan,JPN,1562,99,108.06896
Japan,JPN,1563,99,107.655174
Japan,JPN,1564,109,107.68965
Japan,JPN,1565,114,108.344826
Japan,JPN,1566,97,107.965515
Japan,JPN,1567,108,107.965515
Japan,JPN,1568,106,107.75862
Japan,JPN,1569,,107.32143
Japan,JPN,1570,112,106.96429
Japan,JPN,1571,108,106.92857
Japan,JPN,1572,107,107.10714
Japan,JPN,1573,,106.666664
Japan,JPN,1574,98,106.333336
Japan,JPN,1575,,106.69231
Japan,JPN,1576,109,106.57692
Japan,JPN,1577,100,106.42308
Japan,JPN,1578,,105.96
Japan,JPN,1579,102,105.36
Japan,JPN,1580,97,104.8
Japan,JPN,1581,105,104.64
Japan,JPN,1582,,104.666664
Japan,JPN,1583,108,104.208336
Japan,JPN,1584,106,104.28
Japan,JPN,1585,105,104.44
Japan,JPN,1586,106,103.88
Japan,JPN,1587,105,104.36
Japan,JPN,1588,106,104.16
Japan,JPN,1589,105,104.52
Japan,JPN,1590,102,104.6
Japan,JPN,1591,94,104.28
Japan,JPN,1592,98,104.24
Japan,JPN,1593,113,104.8
Japan,JPN,1594,93,104.16
Japan,JPN,1595,111,104.04
Japan,JPN,1596,104,104.32
Japan,JPN,1597,114,104.56
Japan,JPN,1598,110,104.72
Japan,JPN,1599,103,104.65385
Japan,JPN,1600,101,104.23077
Japan,JPN,1601,93,103.65385
Japan,JPN,1602,107,103.65385
Japan,JPN,1603,99,103.48148
Japan,JPN,1604,95,103.37037
Japan,JPN,1605,105,103.42857
Japan,JPN,1606,106,103.32143
Japan,JPN,1607,110,103.67857
Japan,JPN,1608,,103.67857
Japan,JPN,1609,108,103.89286
Japan,JPN,1610,110,104.35714
Japan,JPN,1611,,104.333336
Japan,JPN,1612,87,103.71429
Japan,JPN,1613,106,103.64286
Japan,JPN,1614,103,103.53571
Japan,JPN,1615,110,103.71429
Japan,JPN,1616,122,104.28571
Japan,JPN,1617,107,104.35714
Japan,JPN,1618,102,104.21429
Japan,JPN,1619,93,103.78571
Japan,JPN,1620,,103.85185
Japan,JPN,1621,109,104.40741
Japan,JPN,1622,106,104.703705
Japan,JPN,1623,113,104.703705
Japan,JPN,1624,112,105.40741
Japan,JPN,1625,95,104.81481
Japan,JPN,1626,100,104.666664
Japan,JPN,1627,,104.30769
Japan,JPN,1628,104,104.07692
Japan,JPN,1629,112,104.42308
Japan,JPN,1630,,104.56
Japan,JPN,1631,,105.041664
Japan,JPN,1632,104,104.916664
Japan,JPN,1633,98,104.875
Japan,JPN,1634,96,104.916664
Japan,JPN,1635,97,104.583336
Japan,JPN,1636,,104.521736
Japan,JPN,1637,105,104.304344
Japan,JPN,1638,105,104.333336
Japan,JPN,1639,108,104.333336
Japan,JPN,1640,103,104.041664
Japan,JPN,1641,117,104.56
Japan,JPN,1642,114,105.64
Japan,JPN,1643,114,105.96
Japan,JPN,1644,105,106.04
Japan,JPN,1645,99,105.6
Japan,JPN,1646,87,104.2
Japan,JPN,1647,112,104.4
Japan,JPN,1648,,104.5
Japan,JPN,1649,104,104.958336
Japan,JPN,1650,102,104.84
Japan,JPN,1651,107,104.76
Japan,JPN,1652,107,104.8
Japan,JPN,1653,112,104.76
Japan,JPN,1654,104,104.44
Japan,JPN,1655,104,104.8
Japan,JPN,1656,103,104.92
Japan,JPN,1657,,104.92
Japan,JPN,1658,108,105.08
Japan,JPN,1659,,104.791664
Japan,JPN,1660,111,105.04
Japan,JPN,1661,93,104.57692
Japan,JPN,1662,110,104.80769
Japan,JPN,1663,105,105.07692
Japan,JPN,1664,105,105.42308
Japan,JPN,1665,112,106
Japan,JPN,1666,108,106.07407
Japan,JPN,1667,112,106.333336
Japan,JPN,1668,110,106.51852
Japan,JPN,1669,104,106.37037
Japan,JPN,1670,102,106.333336
Japan,JPN,1671,116,106.296295
Japan,JPN,1672,112,106.22222
Japan,JPN,1673,105,105.888885
Japan,JPN,1674,115,106.25926
Japan,JPN,1675,111,106.703705
Japan,JPN,1676,103,107.296295
Japan,JPN,1677,96,106.703705
Japan,JPN,1678,109,106.78571
Japan,JPN,1679,114,107.14286
Japan,JPN,1680,109,107.39286
Japan,JPN,1681,110,107.5
Japan,JPN,1682,104,107.39286
Japan,JPN,1683,108,107.25
Japan,JPN,1684,118,107.75
Japan,JPN,1685,106,107.82143
Japan,JPN,1686,104,107.85714
Japan,JPN,1687,104,107.72414
Japan,JPN,1688,114,107.93104
Japan,JPN,1689,97,107.566666
Japan,JPN,1690,93,106.96667
Japan,JPN,1691,103,107.3
Japan,JPN,1692,109,107.26667
Japan,JPN,1693,107,107.333336
Japan,JPN,1694,109,107.46667
Japan,JPN,1695,120,107.73333
Japan,JPN,1696,114,107.933334
Japan,JPN,1697,111,107.9
Japan,JPN,1698,101,107.6
Japan,JPN,1699,97,107.36667
Japan,JPN,1700,116,107.833336
Japan,JPN,1701,112,107.7
Japan,JPN,1702,116,107.833336
Japan,JPN,1703,103,107.76667
Japan,JPN,1704,113,107.7
Japan,JPN,1705,109,107.63333
Japan,JPN,1706,115,108.03333
Japan,JPN,1707,111,108.53333
Japan,JPN,1708,103,108.333336
Japan,JPN,1709,106,108.066666
Japan,JPN,1710,,108.034485
Japan,JPN,1711,,107.96429
Japan,JPN,1712,,108.111115
Japan,JPN,1713,104,107.96296
Japan,JPN,1714,108,107.59259
Japan,JPN,1715,107,107.62963
Japan,JPN,1716,110,107.85185
Japan,JPN,1717,98,107.62963
Japan,JPN,1718,102,107.18519
Japan,JPN,1719,102,107.37037
Japan,JPN,1720,114,108.14815
Japan,JPN,1721,95,107.85185
Japan,JPN,1722,100,107.51852
Japan,JPN,1723,104,107.40741
Japan,JPN,1724,99,107.03704
Japan,JPN,1725,106,106.51852
Japan,JPN,1726,116,106.59259
Japan,JPN,1727,112,106.62963
Japan,JPN,1728,104,106.74074
Japan,JPN,1729,105,107.03704
Japan,JPN,1730,,106.69231
Japan,JPN,1731,104,106.38461
Japan,JPN,1732,108,106.07692
Japan,JPN,1733,107,106.23077
Japan,JPN,1734,102,105.80769
Japan,JPN,1735,101,105.5
Japan,JPN,1736,106,105.15385
Japan,JPN,1737,93,104.46154
Japan,JPN,1738,101,104.38461
Japan,JPN,1739,110,104.53846
Japan,JPN,1740,115,104.92593
Japan,JPN,1741,109,105.07143
Japan,JPN,1742,109,105.206894
Japan,JPN,1743,108,105.344826
Japan,JPN,1744,98,105
Japan,JPN,1745,105,104.93104
Japan,JPN,1746,110,104.93104
Japan,JPN,1747,101,105.034485
Japan,JPN,1748,96,104.82758
Japan,JPN,1749,100,104.75862
Japan,JPN,1750,110,104.62069
Japan,JPN,1751,103,104.89655
Japan,JPN,1752,110,105.24138
Japan,JPN,1753,96,104.965515
Japan,JPN,1754,115,105.51724
Japan,JPN,1755,120,106
Japan,JPN,1756,109,105.75862
Japan,JPN,1757,112,105.75862
Japan,JPN,1758,101,105.655174
Japan,JPN,1759,109,105.793106
Japan,JPN,1760,103,105.7
Japan,JPN,1761,89,105.2
Japan,JPN,1762,106,105.13333
Japan,JPN,1763,112,105.3
Japan,JPN,1764,98,105.166664
Japan,JPN,1765,106,105.333336
Japan,JPN,1766,113,105.566666
Japan,JPN,1767,101,105.833336
Japan,JPN,1768,117,106.36667
Japan,JPN,1769,105,106.2
Japan,JPN,1770,105,105.86667
Japan,JPN,1771,104,105.7
Japan,JPN,1772,106,105.6
Japan,JPN,1773,100,105.333336
Japan,JPN,1774,110,105.73333
Japan,JPN,1775,99,105.53333
Japan,JPN,1776,108,105.46667
Japan,JPN,1777,104,105.566666
Japan,JPN,1778,111,106.066666
Japan,JPN,1779,96,105.933334
Japan,JPN,1780,109,105.9
Japan,JPN,1781,91,105.5
Japan,JPN,1782,109,105.46667
Japan,JPN,1783,103,105.7
Japan,JPN,1784,105,105.36667
Japan,JPN,1785,108,104.96667
Japan,JPN,1786,106,104.86667
Japan,JPN,1787,105,104.63333
Japan,JPN,1788,109,104.9
Japan,JPN,1789,106,104.8
Japan,JPN,1790,119,105.333336
Japan,JPN,1791,99,105.666664
Japan,JPN,1792,101,105.5
Japan,JPN,1793,106,105.3
Japan,JPN,1794,104,105.5
Japan,JPN,1795,113,105.73333
Japan,JPN,1796,103,105.4
Japan,JPN,1797,97,105.26667
Japan,JPN,1798,110,105.03333
Japan,JPN,1799,103,104.96667
Japan,JPN,1800,103,104.9
Japan,JPN,1801,105,104.933334
Japan,JPN,1802,96,104.6
Japan,JPN,1803,110,104.933334
Japan,JPN,1804,104,104.73333
Japan,JPN,1805,93,104.53333
Japan,JPN,1806,114,104.73333
Japan,JPN,1807,116,105.13333
Japan,JPN,1808,98,104.7
Japan,JPN,1809,107,105.066666
Japan,JPN,1810,100,104.76667
Japan,JPN,1811,110,105.4
Japan,JPN,1812,120,105.76667
Japan,JPN,1813,107,105.9
Japan,JPN,1814,113,106.166664
Japan,JPN,1815,111,106.26667
Japan,JPN,1816,103,106.166664
Japan,JPN,1817,110,106.333336
Japan,JPN,1818,106,106.23333
Japan,JPN,1819,106,106.23333
Japan,JPN,1820,95,105.433334
Japan,JPN,1821,109,105.76667
Japan,JPN,1822,102,105.8
Japan,JPN,1823,106,105.8
Japan,JPN,1824,108,105.933334
Japan,JPN,1825,114,105.96667
Japan,JPN,1826,109,106.166664
Japan,JPN,1827,100,106.26667
Japan,JPN,1828,113,106.36667
Japan,JPN,1829,112,106.666664
Japan,JPN,1830,105,106.73333
Japan,JPN,1831,114,107.03333
Japan,JPN,1832,113,107.6
Japan,JPN,1833,107,107.5
Japan,JPN,1834,111,107.73333
Japan,JPN,1835,112,108.36667
Japan,JPN,1836,112,108.3
Japan,JPN,1837,111,108.13333
Japan,JPN,1838,109,108.5
Japan,JPN,1839,120,108.933334
Japan,JPN,1840,105,109.1
Japan,JPN,1841,107,109
Japan,JPN,1842,96,108.2
Japan,JPN,1843,106,108.166664
Japan,JPN,1844,106,107.933334
Japan,JPN,1845,102,107.63333
Japan,JPN,1846,98,107.46667
Japan,JPN,1847,107,107.36667
Japan,JPN,1848,102,107.23333
Japan,JPN,1849,100,107.03333
Japan,JPN,1850,109,107.5
Japan,JPN,1851,102,107.26667
Japan,JPN,1852,113,107.63333
Japan,JPN,1853,102,107.5
Japan,JPN,1854,102,107.3
Japan,JPN,1855,101,106.86667
Japan,JPN,1856,111,106.933334
Japan,JPN,1857,108,107.2
Japan,JPN,1858,104,106.9
Japan,JPN,1859,110,106.833336
Japan,JPN,1860,113,107.1
Japan,JPN,1861,100,106.63333
Japan,JPN,1862,117,106.76667
Japan,JPN,1863,118,107.13333
Japan,JPN,1864,105,106.933334
Japan,JPN,1865,97,106.433334
Japan,JPN,1866,102,106.1
Japan,JPN,1867,101,105.76667
Japan,JPN,1868,104,105.6
Japan,JPN,1869,105,105.1
Japan,JPN,1870,99,104.9
Japan,JPN,1871,104,104.8
Japan,JPN,1872,,105.10345
Japan,JPN,1873,104,105.034485
Japan,JPN,1874,107,105.06896
Japan,JPN,1875,103,105.10345
Japan,JPN,1876,111,105.55173
Japan,JPN,1877,104,105.44827
Japan,JPN,1878,101,105.413795
Japan,JPN,1879,102,105.48276
Japan,JPN,1880,110,105.51724
Japan,JPN,1881,112,105.86207
Japan,JPN,1882,97,105.31035
Japan,JPN,1883,107,105.48276
Japan,JPN,1884,109,105.72414
Japan,JPN,1885,113,106.13793
Japan,JPN,1886,108,106.034485
Japan,JPN,1887,109,106.06896
Japan,JPN,1888,107,106.17242
Japan,JPN,1889,109,106.13793
Japan,JPN,1890,98,105.62069
Japan,JPN,1891,99,105.586205
Japan,JPN,1892,115,105.51724
Japan,JPN,1893,109,105.206894
Japan,JPN,1894,98,104.965515
Japan,JPN,1895,,105.25
Japan,JPN,1896,106,105.39286
Japan,JPN,1897,106,105.57143
Japan,JPN,1898,108,105.71429
Japan,JPN,1899,99,105.5
Japan,JPN,1900,102,105.60714
Japan,JPN,1901,102,105.53571
Japan,JPN,1902,98,105.27586
Japan,JPN,1903,99,105.10345
Japan,JPN,1904,108,105.13793
Japan,JPN,1905,105,105.206894
Japan,JPN,1906,105,105
Japan,JPN,1907,103,104.965515
Japan,JPN,1908,102,105
Japan,JPN,1909,108,105.206894
Japan,JPN,1910,104,105
Japan,JPN,1911,98,104.51724
Japan,JPN,1912,105,104.793106
Japan,JPN,1913,103,104.655174
Japan,JPN,1914,102,104.413795
Japan,JPN,1915,102,104.034485
Japan,JPN,1916,112,104.17242
Japan,JPN,1917,103,103.965515
Japan,JPN,1918,104,103.86207
Japan,JPN,1919,,103.67857
Japan,JPN,1920,104,103.89286
Japan,JPN,1921,,104.07407
Japan,JPN,1922,101,103.55556
Japan,JPN,1923,97,103.111115
Japan,JPN,1924,111,103.59259
Japan,JPN,1925,108,103.75
Japan,JPN,1926,108,103.82143
Japan,JPN,1927,107,103.85714
Japan,JPN,1928,107,103.82143
Japan,JPN,1929,103,103.96429
Japan,JPN,1930,95,103.71429
Japan,JPN,1931,105,103.82143
Japan,JPN,1932,105,104.07143
Japan,JPN,1933,106,104.32143
Japan,JPN,1934,104,104.17857
Japan,JPN,1935,102,104.07143
Japan,JPN,1936,111,104.28571
Japan,JPN,1937,100,104.17857
Japan,JPN,1938,98,104.03571
Japan,JPN,1939,104,103.89286
Japan,JPN,1940,110,104.10714
Japan,JPN,1941,100,104.17857
Japan,JPN,1942,96,103.85714
Japan,JPN,1943,101,103.78571
Japan,JPN,1944,100,103.71429
Japan,JPN,1945,,103.77778
Japan,JPN,1946,97,103.22222
Japan,JPN,1947,107,103.37037
Japan,JPN,1948,102,103.296295
Japan,JPN,1949,107,103.42857
Japan,JPN,1950,99,103.25
Japan,JPN,1951,98,103.06896
Japan,JPN,1952,105,103.206894
Japan,JPN,1953,101,103.344826
Japan,JPN,1954,98,102.89655
Japan,JPN,1955,97,102.51724
Japan,JPN,1956,99,102.206894
Japan,JPN,1957,103,102.06896
Japan,JPN,1958,99,101.793106
Japan,JPN,1959,92,101.413795
Japan,JPN,1960,95,101.413795
Japan,JPN,1961,99,101.206894
Japan,JPN,1962,102,101.10345
Japan,JPN,1963,101,100.93104
Japan,JPN,1964,99,100.75862
Japan,JPN,1965,110,101.034485
Japan,JPN,1966,97,100.55173
Japan,JPN,1967,97,100.44827
Japan,JPN,1968,99,100.48276
Japan,JPN,1969,101,100.37931
Japan,JPN,1970,107,100.27586
Japan,JPN,1971,98,100.206894
Japan,JPN,1972,99,100.31035
Japan,JPN,1973,97,100.17242
Japan,JPN,1974,99,100.13793
Japan,JPN,1975,100,100.13333
Japan,JPN,1976,99,100.2
Japan,JPN,1977,93,99.73333
Japan,JPN,1978,104,99.8
Japan,JPN,1979,97,99.46667
Japan,JPN,1980,102,99.566666
Japan,JPN,1981,99,99.6
Japan,JPN,1982,93,99.2
Japan,JPN,1983,99,99.13333
Japan,JPN,1984,109,99.5
Japan,JPN,1985,99,99.566666
Japan,JPN,1986,102,99.666664
Japan,JPN,1987,95,99.4
Japan,JPN,1988,106,99.63333
Japan,JPN,1989,93,99.666664
Japan,JPN,1990,88,99.433334
Japan,JPN,1991,97,99.36667
Japan,JPN,1992,94,99.1
Japan,JPN,1993,97,98.96667
Japan,JPN,1994,99,98.96667
Japan,JPN,1995,99,98.6
Japan,JPN,1996,103,98.8
Japan,JPN,1997,97,98.8
Japan,JPN,1998,91,98.53333
Japan,JPN,1999,94,98.3
Japan,JPN,2000,100,98.066666
Japan,JPN,2001,96,98
Japan,JPN,2002,91,97.73333
Japan,JPN,2003,98,97.76667
Japan,JPN,2004,92,97.53333
Japan,JPN,2005,99,97.5
Japan,JPN,2006,98,97.46667
Japan,JPN,2007,97,97.6
Japan,JPN,2008,95,97.3
Japan,JPN,2009,95,97.23333
Japan,JPN,2010,95,97
Japan,JPN,2011,99,97
Japan,JPN,2012,101,97.26667
Japan,JPN,2013,93,97.066666
Japan,JPN,2014,94,96.566666
Japan,JPN,2015,93,96.36667
Japan,JPN,2016,95,96.13333
Japan,JPN,2017,99,96.26667
Japan,JPN,2018,89,95.7
Japan,JPN,2019,95,95.76667
Japan,JPN,2020,92,95.9
Japan,JPN,2021,85,95.5
Japan,JPN,2022,91,95.4
Japan,JPN,2023,84,94.96667
Japan,JPN,2024,95,94.833336
Japan,JPN,2025,94,94.666664
Japan,JPN,2026,88,94.166664